BEGIN TRANSACTION;
INSERT INTO `soc_family` (id,name,arch_id) VALUES (0,'BroadcomBcm2835',0);
INSERT INTO `soc_family` (id,name,arch_id) VALUES (1,'AllwinnerH',0);
INSERT INTO `soc_family` (id,name,arch_id) VALUES (-1,'Unknown',-1);
INSERT INTO `soc` (id,name,soc_family_id,manufacturer_id) VALUES (0,'Bcm2708',0,0);
INSERT INTO `soc` (id,name,soc_family_id,manufacturer_id) VALUES (1,'Bcm2709',0,0);
INSERT INTO `soc` (id,name,soc_family_id,manufacturer_id) VALUES (2,'Bcm2710',0,0);
INSERT INTO `soc` (id,name,soc_family_id,manufacturer_id) VALUES (3,'H3',1,5);
INSERT INTO `soc` (id,name,soc_family_id,manufacturer_id) VALUES (4,'H5',1,5);
INSERT INTO `soc` (id,name,soc_family_id,manufacturer_id) VALUES (-1,'Unknown',-1,-1);
INSERT INTO `manufacturer` (id,name) VALUES (-1,'Unknown');
INSERT INTO `manufacturer` (id,name) VALUES (0,'Broadcom');
INSERT INTO `manufacturer` (id,name) VALUES (1,'Sony');
INSERT INTO `manufacturer` (id,name) VALUES (2,'Qisda');
INSERT INTO `manufacturer` (id,name) VALUES (3,'Egoman');
INSERT INTO `manufacturer` (id,name) VALUES (4,'Embest');
INSERT INTO `manufacturer` (id,name) VALUES (5,'Allwinner');
INSERT INTO `manufacturer` (id,name) VALUES (6,'Friendly ARM');
INSERT INTO `pin_type` (id,name) VALUES (0,'Gpio');
INSERT INTO `pin_type` (id,name) VALUES (1,'Power');
INSERT INTO `pin_type` (id,name) VALUES (2,'Usb');
INSERT INTO `pin_type` (id,name) VALUES (3,'Sound');
INSERT INTO `pin_type` (id,name) VALUES (4,'Video');
INSERT INTO `pin_type` (id,name) VALUES (5,'Not Connected');
INSERT INTO `pin_mode` (id,name) VALUES (0,'Input');
INSERT INTO `pin_mode` (id,name) VALUES (1,'Output');
INSERT INTO `pin_mode` (id,name) VALUES (2,'Disabled');
INSERT INTO `pin_mode` (id,name) VALUES (3,'Pwm');
INSERT INTO `pin_mode` (id,name) VALUES (4,'Alt0');
INSERT INTO `pin_mode` (id,name) VALUES (5,'Alt1');
INSERT INTO `pin_mode` (id,name) VALUES (6,'Alt2');
INSERT INTO `pin_mode` (id,name) VALUES (7,'Alt3');
INSERT INTO `pin_mode` (id,name) VALUES (8,'Alt4');
INSERT INTO `pin_mode` (id,name) VALUES (9,'Alt5');
INSERT INTO `pin_mode` (id,name) VALUES (10,'Alt6');
INSERT INTO `pin_mode` (id,name) VALUES (11,'Alt7');
INSERT INTO `pin_mode` (id,name) VALUES (12,'Alt8');
INSERT INTO `pin_mode` (id,name) VALUES (13,'Alt9');
INSERT INTO `gpio_connector_family` (id,name,columns) VALUES (0,'hex1',1);
INSERT INTO `gpio_connector_family` (id,name,columns) VALUES (1,'hex2',2);
INSERT INTO `board_model` (id,name,board_family_id,soc_id) VALUES (0,'RaspberryPi A',0,0);
INSERT INTO `board_model` (id,name,board_family_id,soc_id) VALUES (1,'RaspberryPi B',0,0);
INSERT INTO `board_model` (id,name,board_family_id,soc_id) VALUES (2,'RaspberryPi A+',0,0);
INSERT INTO `board_model` (id,name,board_family_id,soc_id) VALUES (3,'RaspberryPi B+',0,0);
INSERT INTO `board_model` (id,name,board_family_id,soc_id) VALUES (4,'RaspberryPi Compute Module',0,0);
INSERT INTO `board_model` (id,name,board_family_id,soc_id) VALUES (5,'RaspberryPi 2',0,1);
INSERT INTO `board_model` (id,name,board_family_id,soc_id) VALUES (6,'RaspberryPi Zero',0,0);
INSERT INTO `board_model` (id,name,board_family_id,soc_id) VALUES (7,'RaspberryPi 3',0,2);
INSERT INTO `board_model` (id,name,board_family_id,soc_id) VALUES (8,'RaspberryPi Zero Wifi',0,0);
INSERT INTO `board_model` (id,name,board_family_id,soc_id) VALUES (9,'RaspberryPi Compute Module 3',0,2);
INSERT INTO `board_model` (id,name,board_family_id,soc_id) VALUES (10,'NanoPi Neo',1,3);
INSERT INTO `board_model` (id,name,board_family_id,soc_id) VALUES (11,'NanoPi Neo Air',1,3);
INSERT INTO `board_model` (id,name,board_family_id,soc_id) VALUES (12,'NanoPi M1',1,3);
INSERT INTO `board_model` (id,name,board_family_id,soc_id) VALUES (13,'NanoPi M1+',1,3);
INSERT INTO `board_model` (id,name,board_family_id,soc_id) VALUES (14,'NanoPi Neo 2',1,4);
INSERT INTO `board_model` (id,name,board_family_id,soc_id) VALUES (15,'NanoPi Neo+ 2',1,4);
INSERT INTO `board_model` (id,name,board_family_id,soc_id) VALUES (16,'NanoPi Core',1,3);
INSERT INTO `board_model` (id,name,board_family_id,soc_id) VALUES (17,'NanoPi Core2',1,4);
INSERT INTO `board_model` (id,name,board_family_id,soc_id) VALUES (-1,'Unknown',-1,-1);
INSERT INTO `board_family` (id,name) VALUES (-1,'Unknown');
INSERT INTO `board_family` (id,name) VALUES (0,'RaspberryPi');
INSERT INTO `board_family` (id,name) VALUES (1,'NanoPi');
INSERT INTO `board_family` (id,name) VALUES (2,'OrangePi');
INSERT INTO `board_family` (id,name) VALUES (3,'BananaPi');
INSERT INTO `board` (id,tag,revision,ram,pcb_revision,board_model_id,gpio_id,manufacturer_id) VALUES (0,NULL,2,256,1,1,1,-1);
INSERT INTO `board` (id,tag,revision,ram,pcb_revision,board_model_id,gpio_id,manufacturer_id) VALUES (1,NULL,3,256,1,1,1,-1);
INSERT INTO `board` (id,tag,revision,ram,pcb_revision,board_model_id,gpio_id,manufacturer_id) VALUES (2,NULL,4,256,2,1,2,1);
INSERT INTO `board` (id,tag,revision,ram,pcb_revision,board_model_id,gpio_id,manufacturer_id) VALUES (3,NULL,5,256,2,1,2,2);
INSERT INTO `board` (id,tag,revision,ram,pcb_revision,board_model_id,gpio_id,manufacturer_id) VALUES (4,NULL,6,256,2,1,2,3);
INSERT INTO `board` (id,tag,revision,ram,pcb_revision,board_model_id,gpio_id,manufacturer_id) VALUES (5,NULL,7,256,2,0,2,3);
INSERT INTO `board` (id,tag,revision,ram,pcb_revision,board_model_id,gpio_id,manufacturer_id) VALUES (6,NULL,8,256,2,0,2,1);
INSERT INTO `board` (id,tag,revision,ram,pcb_revision,board_model_id,gpio_id,manufacturer_id) VALUES (7,NULL,9,256,2,0,2,2);
INSERT INTO `board` (id,tag,revision,ram,pcb_revision,board_model_id,gpio_id,manufacturer_id) VALUES (8,NULL,13,512,2,1,2,3);
INSERT INTO `board` (id,tag,revision,ram,pcb_revision,board_model_id,gpio_id,manufacturer_id) VALUES (9,NULL,14,512,2,1,2,1);
INSERT INTO `board` (id,tag,revision,ram,pcb_revision,board_model_id,gpio_id,manufacturer_id) VALUES (10,NULL,15,512,2,1,2,2);
INSERT INTO `board` (id,tag,revision,ram,pcb_revision,board_model_id,gpio_id,manufacturer_id) VALUES (11,NULL,16,512,1,3,3,1);
INSERT INTO `board` (id,tag,revision,ram,pcb_revision,board_model_id,gpio_id,manufacturer_id) VALUES (12,NULL,17,512,1,4,3,1);
INSERT INTO `board` (id,tag,revision,ram,pcb_revision,board_model_id,gpio_id,manufacturer_id) VALUES (13,NULL,18,256,1,2,3,1);
INSERT INTO `board` (id,tag,revision,ram,pcb_revision,board_model_id,gpio_id,manufacturer_id) VALUES (14,NULL,19,512,1.2,3,3,-1);
INSERT INTO `board` (id,tag,revision,ram,pcb_revision,board_model_id,gpio_id,manufacturer_id) VALUES (15,NULL,20,512,1,4,3,4);
INSERT INTO `board` (id,tag,revision,ram,pcb_revision,board_model_id,gpio_id,manufacturer_id) VALUES (16,NULL,21,512,1.1,2,3,4);
INSERT INTO `board` (id,tag,revision,ram,pcb_revision,board_model_id,gpio_id,manufacturer_id) VALUES (17,NULL,9437217,512,1.1,2,3,1);
INSERT INTO `board` (id,tag,revision,ram,pcb_revision,board_model_id,gpio_id,manufacturer_id) VALUES (18,NULL,9437234,512,1.2,3,3,1);
INSERT INTO `board` (id,tag,revision,ram,pcb_revision,board_model_id,gpio_id,manufacturer_id) VALUES (19,NULL,10489920,1024,1,5,3,-1);
INSERT INTO `board` (id,tag,revision,ram,pcb_revision,board_model_id,gpio_id,manufacturer_id) VALUES (20,NULL,10489921,1024,1.1,5,3,1);
INSERT INTO `board` (id,tag,revision,ram,pcb_revision,board_model_id,gpio_id,manufacturer_id) VALUES (21,NULL,10620993,1024,1.1,5,3,4);
INSERT INTO `board` (id,tag,revision,ram,pcb_revision,board_model_id,gpio_id,manufacturer_id) VALUES (22,NULL,10625090,1024,1.2,5,3,4);
INSERT INTO `board` (id,tag,revision,ram,pcb_revision,board_model_id,gpio_id,manufacturer_id) VALUES (23,NULL,9437330,512,1.2,6,3,1);
INSERT INTO `board` (id,tag,revision,ram,pcb_revision,board_model_id,gpio_id,manufacturer_id) VALUES (24,NULL,9437331,512,1.3,6,3,1);
INSERT INTO `board` (id,tag,revision,ram,pcb_revision,board_model_id,gpio_id,manufacturer_id) VALUES (25,NULL,9568403,512,1.3,6,3,4);
INSERT INTO `board` (id,tag,revision,ram,pcb_revision,board_model_id,gpio_id,manufacturer_id) VALUES (26,NULL,9437377,512,1.1,8,3,1);
INSERT INTO `board` (id,tag,revision,ram,pcb_revision,board_model_id,gpio_id,manufacturer_id) VALUES (27,NULL,10494082,1024,1.2,7,3,1);
INSERT INTO `board` (id,tag,revision,ram,pcb_revision,board_model_id,gpio_id,manufacturer_id) VALUES (28,NULL,10494112,1024,1,9,3,1);
INSERT INTO `board` (id,tag,revision,ram,pcb_revision,board_model_id,gpio_id,manufacturer_id) VALUES (29,NULL,10625154,1024,1.2,7,3,-1);
INSERT INTO `board` (id,tag,revision,ram,pcb_revision,board_model_id,gpio_id,manufacturer_id) VALUES (30,NULL,10690690,1024,1.2,7,3,1);
INSERT INTO `board` (id,tag,revision,ram,pcb_revision,board_model_id,gpio_id,manufacturer_id) VALUES (31,'nanopineo',NULL,NULL,NULL,10,4,6);
INSERT INTO `board` (id,tag,revision,ram,pcb_revision,board_model_id,gpio_id,manufacturer_id) VALUES (32,'nanopineoair',NULL,NULL,NULL,11,4,6);
INSERT INTO `board` (id,tag,revision,ram,pcb_revision,board_model_id,gpio_id,manufacturer_id) VALUES (33,'nanopim1',NULL,NULL,NULL,12,5,6);
INSERT INTO `board` (id,tag,revision,ram,pcb_revision,board_model_id,gpio_id,manufacturer_id) VALUES (34,'nanopim1plus',NULL,NULL,NULL,13,6,6);
INSERT INTO `board` (id,tag,revision,ram,pcb_revision,board_model_id,gpio_id,manufacturer_id) VALUES (35,'nanopineo2',NULL,NULL,NULL,14,4,6);
INSERT INTO `board` (id,tag,revision,ram,pcb_revision,board_model_id,gpio_id,manufacturer_id) VALUES (36,'nanopineoplus2',NULL,NULL,NULL,15,4,6);
INSERT INTO `board` (id,tag,revision,ram,pcb_revision,board_model_id,gpio_id,manufacturer_id) VALUES (37,'nanopineocore',NULL,NULL,NULL,16,4,6);
INSERT INTO `board` (id,tag,revision,ram,pcb_revision,board_model_id,gpio_id,manufacturer_id) VALUES (38,'nanopineocore2',NULL,NULL,NULL,17,4,6);
INSERT INTO `arch` (id,name) VALUES (-1,'Unknown');
INSERT INTO `arch` (id,name) VALUES (0,'ARM');
COMMIT;
